INSERT INTO TIPOCARNET     VALUES ('AM');
INSERT INTO TIPOCARNET     VALUES ('A1');
INSERT INTO TIPOCARNET     VALUES ('A2');
INSERT INTO TIPOCARNET     VALUES ('A');
INSERT INTO TIPOCARNET     VALUES ('B');
INSERT INTO TIPOCARNET     VALUES ('BTP');
INSERT INTO TIPOCARNET     VALUES ('BE');
INSERT INTO TIPOCARNET     VALUES ('C1');
INSERT INTO TIPOCARNET     VALUES ('C1E');
INSERT INTO TIPOCARNET     VALUES ('C');
INSERT INTO TIPOCARNET     VALUES ('CE');
INSERT INTO TIPOCARNET     VALUES ('D1');
INSERT INTO TIPOCARNET     VALUES ('D1E');
INSERT INTO TIPOCARNET     VALUES ('D');
INSERT INTO TIPOCARNET     VALUES ('DE');
	
INSERT INTO USUARIO (NIF,NOMBRE,PASSWORD,DIRECCIONPOSTAL,CODIGOPOSTAL,DIRECCIONELECTRONICA) VALUES ('12418684H','Adrmart','123456','Calle Pedro',47970,'ligula.Aenean.gravida@Vestibulum.co.uk');
INSERT INTO USUARIO (NIF,NOMBRE,PASSWORD,DIRECCIONPOSTAL,CODIGOPOSTAL,DIRECCIONELECTRONICA) VALUES ('71151298Q','Flannagan','JOHNWAYNE90','Avenida Oeste',48012,'sheriff@desenfunda.net');
INSERT INTO USUARIO (NIF,NOMBRE,PASSWORD,DIRECCIONPOSTAL,CODIGOPOSTAL,DIRECCIONELECTRONICA) VALUES ('71568294F','Oscfern','654321','Calle Pedro',49472,'neque.non.quam@loremauctor.net');
INSERT INTO USUARIO (NIF,NOMBRE,PASSWORD,DIRECCIONPOSTAL,CODIGOPOSTAL,DIRECCIONELECTRONICA) VALUES ('71138829L','admin','admin','Calle Pedro',47007,'admin@gmail.com');
INSERT INTO USUARIO (NIF,NOMBRE,PASSWORD,DIRECCIONPOSTAL,CODIGOPOSTAL,DIRECCIONELECTRONICA) VALUES ('71173624D','malkomich','007','Callejón Perdío',47005,'malkomich@gmail.com');

INSERT INTO EMPLEADO (NIF,NUMEROEMPLEADO,FECHACONTRATACION,TIPOEMPLEADO) VALUES ('71568294F','1','2014-06-22','G');
INSERT INTO EMPLEADO (NIF,NUMEROEMPLEADO,FECHACONTRATACION,TIPOEMPLEADO) VALUES ('71138829L','2','2014-02-10','T');

INSERT INTO CLIENTE (NIF,BLOQUEADO) VALUES ('71151298Q','T');
INSERT INTO CLIENTE (NIF,BLOQUEADO) VALUES ('12418684H','F');
INSERT INTO CLIENTE (NIF,BLOQUEADO) VALUES ('71173624D','F');

INSERT INTO MODELO (IDMODELO,NOMBRE,FABRICANTE,COSTEALQUILER,LARGO,ANCHO,PESO,PUERTAS,AÑO,GPS) VALUES ('1','208','Porche',3979,6566,3630,8832,2,2011,'T');
INSERT INTO MODELO (IDMODELO,NOMBRE,FABRICANTE,COSTEALQUILER,LARGO,ANCHO,PESO,PUERTAS,AÑO,GPS) VALUES ('2','Ibiza','Peugeot',3860,8490,3655,9435,6,2005,'F');
INSERT INTO MODELO (IDMODELO,NOMBRE,FABRICANTE,COSTEALQUILER,LARGO,ANCHO,PESO,PUERTAS,AÑO,GPS) VALUES ('3','Cayenne','Porche',7057,9407,5688,4215,6,2004,'F');
INSERT INTO MODELO (IDMODELO,NOMBRE,FABRICANTE,COSTEALQUILER,LARGO,ANCHO,PESO,PUERTAS,AÑO,GPS) VALUES ('4','208','Reanult',7353,4493,2688,13899,5,2010,'F');
INSERT INTO MODELO (IDMODELO,NOMBRE,FABRICANTE,COSTEALQUILER,LARGO,ANCHO,PESO,PUERTAS,AÑO,GPS) VALUES ('5','Twitzy','Peugeot',5445,3447,6494,3986,5,2008,'F');

INSERT INTO LICENCIA (NIF,tipo,FECHARENOVACION) VALUES ('71151298Q','B','2014-02-14');
INSERT INTO LICENCIA (NIF,tipo,FECHARENOVACION) VALUES ('71151298Q','D1','2014-12-20');
INSERT INTO LICENCIA (NIF,tipo,FECHARENOVACION) VALUES ('71151298Q','C','2014-12-10');
INSERT INTO LICENCIA (NIF,tipo,FECHARENOVACION) VALUES ('12418684H','C1E','2015-01-02');
INSERT INTO LICENCIA (NIF,tipo,FECHARENOVACION) VALUES ('71173624D','B','2015-02-28');

INSERT INTO LICENCIASPORMODELO (IDMODELO,TIPO) VALUES ('2','C');
INSERT INTO LICENCIASPORMODELO (IDMODELO,TIPO) VALUES ('1','B');
INSERT INTO LICENCIASPORMODELO (IDMODELO,TIPO) VALUES ('3','B');
INSERT INTO LICENCIASPORMODELO (IDMODELO,TIPO) VALUES ('5','B');

INSERT INTO VEHICULO (MATRICULA,COLOR,KILOMETRAJE,FECHAADQUISICION,COSTEADQUISICION,AVERIADO,IDMODELO) VALUES ('1234AAA','Azul',11533,'2014-03-21',22000,'F','1');
INSERT INTO VEHICULO (MATRICULA,COLOR,KILOMETRAJE,FECHAADQUISICION,COSTEADQUISICION,AVERIADO,IDMODELO) VALUES ('9012CCC','Azul',97807,'2012-11-22',45000,'T','2');
INSERT INTO VEHICULO (MATRICULA,COLOR,KILOMETRAJE,FECHAADQUISICION,COSTEADQUISICION,AVERIADO,IDMODELO) VALUES ('5678BBB','Negro',43605,'2012-12-01',36000,'F','3');

INSERT INTO RESERVA (IDRESERVA,FECHARESERVA,FECHAINICIOALQUILER,FECHAFINALQUILER,EJECUTADA,NIF,MATRICULA) VALUES (1,'2013-01-12','2014-08-08','2015-04-12','T','71151298Q','9012CCC');
INSERT INTO RESERVA (IDRESERVA,FECHARESERVA,FECHAINICIOALQUILER,FECHAFINALQUILER,EJECUTADA,NIF,MATRICULA) VALUES (2,'2013-02-10','2014-12-10','2015-01-13','F','71151298Q','5678BBB');
INSERT INTO RESERVA (IDRESERVA,FECHARESERVA,FECHAINICIOALQUILER,FECHAFINALQUILER,EJECUTADA,NIF,MATRICULA) VALUES (3,'2013-04-04','2014-12-23','2015-02-22','T','71151298Q','9012CCC');
INSERT INTO RESERVA (IDRESERVA,FECHARESERVA,FECHAINICIOALQUILER,FECHAFINALQUILER,EJECUTADA,NIF,MATRICULA) VALUES (4,'2013-05-05','2014-11-11','2015-01-04','F','71151298Q','1234AAA');
INSERT INTO RESERVA (IDRESERVA,FECHARESERVA,FECHAINICIOALQUILER,FECHAFINALQUILER,EJECUTADA,NIF,MATRICULA) VALUES (5,'2013-03-03','2014-11-04','2015-05-17','F','12418684H','9012CCC');
INSERT INTO RESERVA (IDRESERVA,FECHARESERVA,FECHAINICIOALQUILER,FECHAFINALQUILER,EJECUTADA,NIF,MATRICULA) VALUES (6,'2013-10-20','2014-08-15','2015-03-11','F','71151298Q','9012CCC');
INSERT INTO RESERVA (IDRESERVA,FECHARESERVA,FECHAINICIOALQUILER,FECHAFINALQUILER,EJECUTADA,NIF,MATRICULA) VALUES (7,'2013-07-09','2014-08-11','2015-09-09','F','12418684H','9012CCC');
INSERT INTO RESERVA (IDRESERVA,FECHARESERVA,FECHAINICIOALQUILER,FECHAFINALQUILER,EJECUTADA,NIF,MATRICULA) VALUES (8,'2013-02-13','2014-04-15','2015-05-30','T','71151298Q','1234AAA');

INSERT INTO ALQUILER (IDALQUILER,FECHAINICIO,FECHAFIN,PRECIO,KILOMETRAJESALIDA,MATRICULA,CLIENTE,REALIZADOPOR) VALUES (1,'2014-01-11','2015-01-12',238,1021,'5678BBB','12418684H','1');
INSERT INTO ALQUILER (IDALQUILER,FECHAINICIO,FECHAFIN,PRECIO,KILOMETRAJESALIDA,MATRICULA,CLIENTE,REALIZADOPOR) VALUES (2,'2013-12-22','2015-02-13',263,1199,'5678BBB','12418684H','1');
INSERT INTO ALQUILER (IDALQUILER,FECHAINICIO,FECHAFIN,PRECIO,KILOMETRAJESALIDA,MATRICULA,CLIENTE,REALIZADOPOR) VALUES (3,'2013-11-30','2015-03-04',191,1176,'1234AAA','12418684H','1');
INSERT INTO ALQUILER (IDALQUILER,FECHAINICIO,FECHAFIN,PRECIO,KILOMETRAJESALIDA,MATRICULA,CLIENTE,REALIZADOPOR) VALUES (4,'2014-01-10','2015-04-28',25,1020,'9012CCC','71151298Q','1');
INSERT INTO ALQUILER (IDALQUILER,FECHAINICIO,FECHAFIN,PRECIO,KILOMETRAJESALIDA,MATRICULA,CLIENTE,REALIZADOPOR) VALUES (5,'2014-02-20','2015-05-13',86,1197,'5678BBB','71151298Q','1');
INSERT INTO ALQUILER (IDALQUILER,FECHAINICIO,FECHAFIN,PRECIO,KILOMETRAJESALIDA,MATRICULA,CLIENTE,REALIZADOPOR) VALUES (6,'2013-10-26','2015-02-11',256,1119,'1234AAA','12418684H','2');
INSERT INTO ALQUILER (IDALQUILER,FECHAINICIO,FECHAFIN,PRECIO,KILOMETRAJESALIDA,MATRICULA,CLIENTE,REALIZADOPOR) VALUES (7,'2013-11-24','2015-04-14',266,1173,'1234AAA','12418684H','2');
INSERT INTO ALQUILER (IDALQUILER,FECHAINICIO,FECHAFIN,PRECIO,KILOMETRAJESALIDA,MATRICULA,CLIENTE,REALIZADOPOR) VALUES (8,'2014-02-18','2015-10-18',118,1136,'1234AAA','71151298Q','2');

INSERT INTO ENTREGA (IDENTREGA,FECHAENTREGA,RECARGO,INCIDENCIAS,INFORMEINCIDENCIAS,IDALQUILER,REGISTRADAPOR) VALUES (1,'2014-02-01',909,'T','Piloto roto',1,'1');
INSERT INTO ENTREGA (IDENTREGA,FECHAENTREGA,RECARGO,INCIDENCIAS,INFORMEINCIDENCIAS,IDALQUILER,REGISTRADAPOR) VALUES (2,'2014-02-04',500,'F',NULL,2,'1');
INSERT INTO ENTREGA (IDENTREGA,FECHAENTREGA,RECARGO,INCIDENCIAS,INFORMEINCIDENCIAS,IDALQUILER,REGISTRADAPOR) VALUES (3,'2014-01-01',306,'T','Luna rajada',3,'1');
INSERT INTO ENTREGA (IDENTREGA,FECHAENTREGA,RECARGO,INCIDENCIAS,INFORMEINCIDENCIAS,IDALQUILER,REGISTRADAPOR) VALUES (4,'2014-11-01',356,'F',NULL,4,'1');
INSERT INTO ENTREGA (IDENTREGA,FECHAENTREGA,RECARGO,INCIDENCIAS,INFORMEINCIDENCIAS,IDALQUILER,REGISTRADAPOR) VALUES (5,'2014-06-01',236,'T','Puerta rota',5,'2');
INSERT INTO ENTREGA (IDENTREGA,FECHAENTREGA,RECARGO,INCIDENCIAS,INFORMEINCIDENCIAS,IDALQUILER,REGISTRADAPOR) VALUES (6,'2014-03-13',478,'T','Luz fundida',6,'2');
INSERT INTO ENTREGA (IDENTREGA,FECHAENTREGA,RECARGO,INCIDENCIAS,INFORMEINCIDENCIAS,IDALQUILER,REGISTRADAPOR) VALUES (7,'2014-02-11',895,'F',NULL,7,'2');
INSERT INTO ENTREGA (IDENTREGA,FECHAENTREGA,RECARGO,INCIDENCIAS,INFORMEINCIDENCIAS,IDALQUILER,REGISTRADAPOR) VALUES (8,'2014-09-08',531,'T','Choque frontal',8,'2');

INSERT INTO FACTURA (NUMEROFACTURA,FECHAFACTURA,IMPORTE,PENDIENTEDEPAGO,FECHACOBRO,CONCEPTO,IDALQUILER) VALUES (1,'2013-01-02',262,'F','2014-02-02','A',7);
INSERT INTO FACTURA (NUMEROFACTURA,FECHAFACTURA,IMPORTE,PENDIENTEDEPAGO,FECHACOBRO,CONCEPTO,IDALQUILER) VALUES (2,'2013-04-09',205,'T','2014-02-01','I',2);
INSERT INTO FACTURA (NUMEROFACTURA,FECHAFACTURA,IMPORTE,PENDIENTEDEPAGO,FECHACOBRO,CONCEPTO,IDALQUILER) VALUES (3,'2013-12-29',409,'F','2014-12-20','I',5);
INSERT INTO FACTURA (NUMEROFACTURA,FECHAFACTURA,IMPORTE,PENDIENTEDEPAGO,FECHACOBRO,CONCEPTO,IDALQUILER) VALUES (4,'2014-02-09',608,'F','2014-11-21','I',3);
INSERT INTO FACTURA (NUMEROFACTURA,FECHAFACTURA,IMPORTE,PENDIENTEDEPAGO,FECHACOBRO,CONCEPTO,IDALQUILER) VALUES (5,'2013-05-05',212,'T','2014-01-18','A',2);
INSERT INTO FACTURA (NUMEROFACTURA,FECHAFACTURA,IMPORTE,PENDIENTEDEPAGO,FECHACOBRO,CONCEPTO,IDALQUILER) VALUES (6,'2013-10-10',500,'T','2014-11-10','I',1);
INSERT INTO FACTURA (NUMEROFACTURA,FECHAFACTURA,IMPORTE,PENDIENTEDEPAGO,FECHACOBRO,CONCEPTO,IDALQUILER) VALUES (7,'2013-12-12',395,'T','2014-03-25','A',4);
INSERT INTO FACTURA (NUMEROFACTURA,FECHAFACTURA,IMPORTE,PENDIENTEDEPAGO,FECHACOBRO,CONCEPTO,IDALQUILER) VALUES (8,'2014-09-23',564,'F','2014-12-30','I',6);